Years,Average of Home Value in Illinois,3x Affordability Rule
2013,142590.4636,47530.15453
2014,149339.7596,49779.91986
2015,156302.9334,52100.9778
2016,164033.6648,54677.88827
2017,171616.8243,57205.60811
2018,181554.0836,60518.02787
2019,190654.035,63551.34499
2020,203120.7269,67706.90897
2021,233842.9944,77947.66478
2022,265577.2919,88525.76396
2023,271099.4731,90366.49103
